{
    "loss": 0.1591218262910843,
    "accuracy": 0.9655172228813171
}