{
    "loss": 0.5242205262184143,
    "accuracy": 0.9741379022598267
}