{
    "loss": 0.37623831629753113,
    "accuracy": 0.9655172228813171
}