{
    "loss": 0.4047420620918274,
    "accuracy": 0.9482758641242981
}