{
    "loss": 0.1044827550649643,
    "accuracy": 0.9741379022598267
}